associated place,Title of Image,Source,Source URL,Creator,Restrictions?,"Caption (for CCI images, this is the then/now text)",image on server url,notes
1_wall_st,Section of Wall Street palisade,NYPL Digital Gallery,http://digitalgallery.nypl.org/nypldigital/id?809975,,,"A section of the Wall Street palisade, 1600s",http://ccnmtl.columbia.edu/projects/maap/content/places/1_wall_st/images/Section_of_Wall_Street_palisade.jpeg
1_wall_st,"The Castello Plan, New Amsterdam in 1660",© Collection of the New-York Historical Society/Bridgeman Art Library    ,,,,"In 1653, Africans built a wall along the northern edge of New Amsterdam to protect the Dutch community from the English. It stretched from the Hudson River clear across the island to the East River.",http://ccnmtl.columbia.edu/projects/maap/content/places/1_wall_st/images/MAAP_WallStreet_Then.jpg
1_wall_st,Current view of Wall Street,©  Creative Curriculum Initiatives,,"Manjari Sharma, photographer ",,"The wall became Wall Street, which is now the financial capital of the world. Up until the Civil War and long after slavery in New York was illegal, Wall Street firms profited from the slave trade.",http://ccnmtl.columbia.edu/projects/maap/content/places/1_wall_st/images/5_wallstreet.jpg
1712_slave_revolt,Current view of Maiden Lane,©  Creative Curriculum Initiatives,,"Manjari Sharma, photographer ",,"Maiden Lane once included an orchard, where enslaved Africans and two Native Americans met to plan the rebellion. Today the lane is part of downtown’s financial district.",http://ccnmtl.columbia.edu/projects/maap/content/places/1712_slave_revolt/images/10_ABG0013.jpg
1712_slave_revolt,New York in 1712,©  Creative Curriculum Initiatives,,Illustration by Bob Powers,,"On the night of April 6, 1712, a large well-planned and violent uprising began on Maiden Lane, which at that time ran along the northern edge of the city.",http://ccnmtl.columbia.edu/projects/maap/content/places/1712_slave_revolt/images/MAAP_SlaveRevolt_Then.jpg
369th_armory,369th Armory,Military Photograph Collection/The New York Public Library,http://digitalgallery.nypl.org/nypldigital/id?1168427,,,"The 369th Regiment, or the “Harlem Hellfighters,” was the first African American regiment to fight in World War I. Their bravery in France won them that nation’s highest honor.",http://ccnmtl.columbia.edu/projects/maap/content/places/369th_armory/images/MAAP_369Armory_Then.jpg
369th_armory,Current view of 369th Armory,©  Creative Curriculum Initiatives,,"Manjari Sharma, photographer ",,The 369th Regiment Armory is located at One West 142nd Street. Across from the armory is a memorial to the Harlem Hellfighters. The black granite obelisk is a replica of one in France.,http://ccnmtl.columbia.edu/projects/maap/content/places/369th_armory/images/45_ABG1365.jpg
abolitionist_place,"Abolitionist Place, Brooklyn. Fulton and Duffield Street.",Mid-Manhattan Library/Picture Collection/The New York Public Library ,http://digitalgallery.nypl.org/nypldigital/id?807861,,,"The neighborhood around Duffield Street was a hotbed of antislavery activity. At the Plymouth Church of the Pilgrims, mock slave auctions raised money and a “panic of sympathy.”",http://ccnmtl.columbia.edu/projects/maap/content/places/abolitionist_place/images/MAAP_AbolitionistPlace_Then.jpg
abolitionist_place,Current view of Abolitionist Place site,©  Creative Curriculum Initiatives,,"Manjari Sharma, photographer ",,"In the fall of 2007, a new street sign went up. “Abolitionist Place,” at Willoughby and Duffield Streets, honors the brave antislavery efforts of this neighborhood in the 1800s.",http://ccnmtl.columbia.edu/projects/maap/content/places/abolitionist_place/images/MAAP_AbolitionistPlace_Now.jpg
abyssinian_baptist_church,"Abyssinian Baptist Church in New York City, 1921",NYPL Digital Gallery,http://digitalgallery.nypl.org/nypldigital/id?1232128,,,,http://ccnmtl.columbia.edu/projects/maap/content/places/abyssinian_baptist_church/images/Abyssinian_Baptist_Church_in_New_York_City_1921.jpeg
abyssinian_baptist_church,Current view of Abyssinian Baptist Church,©  Creative Curriculum Initiatives,,"Manjari Sharma, photographer ",,"In 1923, the congregation moved into the Tudor Gothic–style church at 132 West 138th Street (Odell Clark Place),  where it became the largest and most influential black church in New York.",http://ccnmtl.columbia.edu/projects/maap/content/places/abyssinian_baptist_church/images/19_abyssinianbaptist.jpg
abyssinian_baptist_church,"African-American congregation in front of Abyssinian Baptist Church at Waverly Place, New York City, c. 1907",Library of Congress     ,,,,"Founded in 1808 and located on Worth Street, the Abyssinian Baptist Church first moved to 166 Waverly Place (pictured) and then farther north to West 40th Street in 1902. ",http://ccnmtl.columbia.edu/projects/maap/content/places/abyssinian_baptist_church/images/MAAP_Abyssinian_Then.jpg
african_free_school,"African Free School, engraving","Schomburg Center for Research in Black Culture / Manuscripts, Archives and Rare Books Division/ The New York Public Library. ",,Patrick Reason,,"This picture of African Free School #2 is based on a drawing by one of its students named Patrick Reason. He, like many of his fellow students, went on to become a leading abolitionist.",http://ccnmtl.columbia.edu/projects/maap/content/places/african_free_school/images/MAAP_AfricanFreeSchool_Then_PIC_ONLY.jpg
african_free_school,Current view of African Free School site,©  Creative Curriculum Initiatives,,"Manjari Sharma, photographer ",,"African Free School #2 was located at 135-137 Mulberry Street in the neighborhood then known as Five Points. All together, there were at least seven African Free Schools in the city.",http://ccnmtl.columbia.edu/projects/maap/content/places/african_free_school/images/17_africanfreeschool.jpg
african_free_school,Henry Highland Garnet,NYPL Digital Gallery,http://digitalgallery.nypl.org/nypldigital/id?485488,,,A photo of Henry Highland Garnett published in 1887,http://ccnmtl.columbia.edu/projects/maap/content/places/african_free_school/images/Henry_Highland_Garnett.jpeg
african_free_school,Henry Highland Garnet Colorized,NYPL Digital Gallery,http://digitalgallery.nypl.org/nypldigital/id?1242287,,,,http://ccnmtl.columbia.edu/projects/maap/content/places/african_free_school/images/then_h_h_garnett.jpeg
african_free_school,History of New York African Free-Schools,NYPL Digital Gallery,http://digitalgallery.nypl.org/nypldigital/id?486249,,,,http://ccnmtl.columbia.edu/projects/maap/content/places/african_free_school/images/then_african_free_school.jpeg
african_grove_theater,James Hewlett as Richard the third,"Harvard Theatre Collection, Houghton Library. ",,,,James Hewlett (1778–1836) played Richard the III (pictured) and other starring roles at the African Grove Theater. The audience loved the shows but the neighbors didn’t.,http://ccnmtl.columbia.edu/projects/maap/content/places/african_grove_theater/images/MAAP_AfricanGrove_Then.jpg
african_grove_theater,Current view of African Grove Theater site,©  Creative Curriculum Initiatives,,"Manjari Sharma, photographer ",,The first African Grove Theater was located on Mercer Street near Houston. It was built on the second floor of a two-story house with a large tea garden in back. ,http://ccnmtl.columbia.edu/projects/maap/content/places/african_grove_theater/images/23_africangrove.jpg
african_grove_theater,"Playbill from the African Grove Theatre in Greenwich Village, ca. 1821",NYPL Digital Gallery,http://digitalgallery.nypl.org/nypldigital/id?485629,,,"A program from the African Grove Theatre in Greenwich Village, ca. 1821",http://ccnmtl.columbia.edu/projects/maap/content/places/african_grove_theater/images/Playbill_from_African_Grove_Theatre_ca_1821.jpeg
african_grove_theater,"Ira Aldridge as ""Othello""",NYPL Digital Gallery,http://digitalgallery.nypl.org/nypldigital/id?1169814,,,"Ira Aldridge as ""Othello""",http://ccnmtl.columbia.edu/projects/maap/content/places/african_grove_theater/images/Ira_Aldridge_as_Othello_.jpeg
african_society_for_mutual_relief,Portrait of Juliet Noel (Mrs Pierre Toussaint) ,© Collection of the New-York Historical Society/Bridgeman Art Library,,Anthony Meucci,,"Juliet Toussaint, a member of the growing Haitian community in New York, donated money for the African Hall for Mutual Relief in 1820. The hall was located at 42 Baxter Street.",http://ccnmtl.columbia.edu/projects/maap/content/places/african_society_for_mutual_relief/images/MAAP_AfricanSociety_Then.jpg
african_society_for_mutual_relief,Current view of where the African Society for Mutual Relief once stood,©  Creative Curriculum Initiatives,,"Manjari Sharma, photographer ",,The New York African Society for Mutual Relief at 42 Baxter Street was targeted in two riots in the 1800s. It later moved uptown and survived until 1945.,http://ccnmtl.columbia.edu/projects/maap/content/places/african_society_for_mutual_relief/images/62_africansocietymutualrelief.jpg
bed_stuy,View of Bedford-Stuyvesant,©  Creative Curriculum Initiatives,,"Manjari Sharma, photographer ",,"What began in the 1830s as a small, rural black community in Weeksville  has grown into Bedford-Stuyvesant, home of the largest concentration of blacks in the city and one of the largest in the nation.",http://ccnmtl.columbia.edu/projects/maap/content/places/bed_stuy/MAAP_BedfordStuyvesant_Then.jpg
bed_stuy,"Current view of Restoration Plaza, Bedford-Stuyvesant",©  Creative Curriculum Initiatives,,"Manjari Sharma, photographer ",,"Today a new pride can be felt in the community. At Restoration Plaza, a cultural center located at 1368 Fulton Street, a banner declares “Bed-Stuy and Proud of It.”",http://ccnmtl.columbia.edu/projects/maap/content/places/bed_stuy/images/67_BedfordStuyvesant_Now.jpg
black_brigades,"Black Brigades. Book of Negroes, Loyalist refugees from New York, in 1783. ","© Nova Scotia Museum 2008. All rights reserved. Nova Scotia Archives, Halifax",,,,"The handwritten “Book of Negroes” lists the names of some 3,000 African Americans who left New York City with the British. The book is located in the National Archives in Washington, D.C.",http://ccnmtl.columbia.edu/projects/maap/content/places/black_brigades/images/MAAP_BlackBrigade_Then.jpg
black_brigades,"Current view of 10 Church Street, site of the Black Brigades' barracks",©  Creative Curriculum Initiatives,,"Manjari Sharma, photographer ",,"During the Revolution, many members of the Black Brigades or Black Pioneers who fought with the British lived in “Negro barracks” at 10 Church Street and elsewhere. ",http://ccnmtl.columbia.edu/projects/maap/content/places/black_brigades/images/15_blackbrigade1.jpg
bridge_street_awme_church,Where Bridge Street AWME Church once stood,©  Creative Curriculum Initiatives,,"Manjari Sharma, photographer ",,Runaway slaves were once hidden in the basement of the Bridge Street Church at 311 Bridge Street. Today the site is the Student Center of Polytechnic University.,http://ccnmtl.columbia.edu/projects/maap/content/places/bridge_street_awme_church/images/MAAP_BridgeSt_Then.jpg
bridge_street_awme_church,Bridge Street AWME Church today,©  Creative Curriculum Initiatives,,"Manjari Sharma, photographer ",,"Today the Bridge Street AWME Church is located at 277 Stuyvesant Avenue, where it continues to attract many new parishioners from Africa and Latin America.",http://ccnmtl.columbia.edu/projects/maap/content/places/bridge_street_awme_church/images/50_BridgeSt_Now.jpg
catherine_ferguson,Catherine Ferguson    ,© Collection of the New-York Historical Society/Bridgeman Art Library,,,,"Catherine Ferguson, or “Katy” as she was called, was determined from the age of 8 to gain her freedom and make the world a better place. She did both.",http://ccnmtl.columbia.edu/projects/maap/content/places/catherine_ferguson/images/MAAP_CatherineFerguson_Then.jpg
catherine_ferguson,Current view of where Catherine Ferguson's home stood,©  Creative Curriculum Initiatives,,"Manjari Sharma, photographer ",,"Children, both black and white, came to Ferguson’s home at 51 Warren Street to learn to read the bible. Some say this was the first Sunday school in New York City.",http://ccnmtl.columbia.edu/projects/maap/content/places/catherine_ferguson/images/27_catherineferguson.jpg
colored_orphan_asylum, The riots in New York: destruction of the Colored Orphan Asylum,NYPL Digital Gallery,http://digitalgallery.nypl.org/nypldigital/id?423295,,,"On July 13, 1863, as 233 children were led from the back door to safety, a white mob attacked the Colored Orphan Asylum and burned it to the ground during the city’s deadliest riot.",http://ccnmtl.columbia.edu/projects/maap/content/places/colored_orphan_asylum/images/MAAP_ColoredOrphan_Then.jpg
colored_orphan_asylum,Current view of where the Colored Orphan Asylum once stood,©  Creative Curriculum Initiatives,,"Manjari Sharma, photographer ",,"In 1863, the Colored Orphan Asylum was located on Fifth Avenue between 43rd and 44th Streets. From there it moved to Harlem and finally to the Bronx.",http://ccnmtl.columbia.edu/projects/maap/content/places/colored_orphan_asylum/images/34_ABG0021.jpg
colored_orphan_asylum,The riots in New York : conflict between the military and the rioters in First Avenue,NYPL Digital Gallery,http://digitalgallery.nypl.org/nypldigital/id?809571,,,,http://ccnmtl.columbia.edu/projects/maap/content/places/colored_orphan_asylum/images/then_draft_riots.jpeg
david_ruggles_home,David Ruggles,©  Creative Curriculum Initiatives,,Illustration by Bob Powers,,"David Ruggles was the leading, and possibly the most hated, abolitionist in New York City. His courage, activism, and writings made the city a safer place for fugitives and free blacks.",http://ccnmtl.columbia.edu/projects/maap/content/places/david_ruggles_home/images/MAAP_DavidRuggles_Then.jpg
david_ruggles_home,Current view: the site of David Ruggles' House,©  Creative Curriculum Initiatives,,"Manjari Sharma, photographer ",,Ruggles sheltered runaway Frederick Douglass here at 36 Lispenard Street. He also ran a boarding house at 67 Lispenard that was a meeting place for abolitionists.,http://ccnmtl.columbia.edu/projects/maap/content/places/david_ruggles_home/images/35_ruggles.jpg
david_ruggles_home,"New York Committee of Vigilance, 1st Annual Report",NYPL Digital Gallery,http://digitalgallery.nypl.org/nypldigital/id?485509,,,Title Page:  The first annual report of the New York Committee of Vigilance for the year 1837 : together with important facts relative to their proceedings,http://ccnmtl.columbia.edu/projects/maap/content/places/david_ruggles_home/images/New_York_Committee_of_Vigilance_1st_Annual_Report.jpeg
downing-s_oyster_house,George Downing’s Oyster House,© Schomburg Center for Research in Black Culture/Art Resource,,Thomas Downing,,Thomas Downing rowed out to the boats to pick over the oysters before the ships reached the oyster barges along the East River. Downing’s Oyster House served only the best.,http://ccnmtl.columbia.edu/projects/maap/content/places/downing-s_oyster_house/images/MAAP_DowningOyster_Then.jpg
downing-s_oyster_house,Current view of where Downing's Oyster House stood,©  Creative Curriculum Initiatives,,"Manjari Sharma, photographer ",,"Downing’s Oyster House was located at 5 Broad Street, but his basements, where fresh oysters were stored and escaping slaves were hidden, included numbers 3, 5, and 7 Broad Street.",http://ccnmtl.columbia.edu/projects/maap/content/places/downing-s_oyster_house/images29_georgedowningoyster.jpg
duke_ellington,Duke Ellington (1899-1974) ,© Private Collection/Bridgeman Art Library ,,,,"Duke Ellington was a composer, musician, and bandleader who changed the sound of American music and took its new sound around the world.",http://ccnmtl.columbia.edu/projects/maap/content/places/duke_ellington/images/MAAP_DukeEllington_Then.jpg
duke_ellington,Current view of Duke Ellington Memorial,©  Creative Curriculum Initiatives,,"Manjari Sharma, photographer ",,The Duke Ellington Memorial towers 25 feet over Duke Ellington Circle. It is located at the northeast corner of Central Park at 110th Street and 5th Avenue.,http://ccnmtl.columbia.edu/projects/maap/content/places/duke_ellington/images/43_ABG4544.jpg
duke_ellington,Portrait of Duke Ellington,Columbia University Rare Book and Manuscript Library:  Alexander Gumby Collection,http://www.columbia.edu/cu/lweb/indiv/rbml/collections/index.html,,,,http://ccnmtl.columbia.edu/projects/maap/content/places/duke_ellington/images/duke_ellington_portrait.jpg
execution_grounds,Execution Grounds:  Foley Square ,©  Creative Curriculum Initiatives,,Illustration by Bob Powers,,"During the hysteria of the “Great Negro Plot,” 17 African Americans were hung and 13 were burned at the stake. The execution grounds were located on the African Burial Ground.",http://ccnmtl.columbia.edu/projects/maap/content/places/execution_grounds/images/MAAP_ExecutionGrounds_Then.jpg
execution_grounds,Current view of Execution Grounds: Foley Square,©  Creative Curriculum Initiatives,,"Manjari Sharma, photographer ",,"What was the execution grounds in 1741 is now Foley Square, located between Lafayette and Centre Streets. The four white people convicted in the plot were hung near the East River.",http://ccnmtl.columbia.edu/projects/maap/content/places/execution_grounds/images/12_executiongrounds.jpg
five_points,Midsummer in the Five Points.,Mid-Manhattan Library/Picture Collection/The New York Public Library ,http://digitalgallery.nypl.org/nypldigital/id?801458,,,"In the 1830s, free blacks and Irish and German immigrants lived crowded together in Five Points. “The most dangerous place in the city” was also a safe haven for those escaping slavery.",http://ccnmtl.columbia.edu/projects/maap/content/places/five_points/images/MAAP_FivePoints_Then.jpg
five_points,Current view of the Five Points intersection,©  Creative Curriculum Initiatives,,"Manjari Sharma, photographer ",,"Five Points got its name from 5 corners where Anthony (now Worth) Street, Orange (now Baxter) Street, and Cross Street (which no longer exists) met. ",http://ccnmtl.columbia.edu/projects/maap/content/places/five_points/images/31_fivepoints.jpg
five_points,Midsummer in the Five Points,NYPL Digital Gallery,http://digitalgallery.nypl.org/nypldigital/id?801458,"C.A. Keetels, Artist",,,http://ccnmtl.columbia.edu/projects/maap/content/places/five_points/images/then_five_points.jpeg
five_points,Five Points: Stereoscopic Photo,NYPL Digital Gallery,http://digitalgallery.nypl.org/nypldigital/id?G91F179_015F,,,Five Points,http://ccnmtl.columbia.edu/projects/maap/content/places/five_points/images/Five_Points_Stereoscopic_Photo.jpeg
fort_amsterdam,View of New Amsterdam,© Collection of the New-York Historical Society/ The Bridgeman Art Library,,,,"This picture shows Fort Amsterdam, and the Dutch Church built within it, behind a row of houses. On the shore you can see the company weighing beam and a tall crane used to unload cargo.",http://ccnmtl.columbia.edu/projects/maap/content/places/fort_amsterdam/images/MAAP_FtAmsterdam_Then.jpg
fort_amsterdam,Current view of the Fort Amsterdam site,©  Creative Curriculum Initiatives,,"Manjari Sharma, photographer ",,"The site of Fort Amsterdam, once used as a refuge for white settlers from Native Americans, is now occupied by the Museum of the American Indian.",http://ccnmtl.columbia.edu/projects/maap/content/places/fort_amsterdam/images/3_ftamsterdam.jpg
fort_amsterdam,"Fort Amsterdam and village, New York",NYPL Digital Gallery,http://digitalgallery.nypl.org/nypldigital/id?804883,,,"Fort Amsterdam and village, New York",http://ccnmtl.columbia.edu/projects/maap/content/places/fort_amsterdam/images/Fort_Amsterdam_and_village_New York.jpeg
fraunces_tavern,Fraunces Tavern - Long Room,© AP Photo ,,Richard Drew     ,,"Samuel Fraunces, known as “Black Sam,” bought 54 Pearl Street for a tavern in 1762. Well known in its day, Fraunces Tavern became famous for the history made there.
",http://ccnmtl.columbia.edu/projects/maap/content/places/fraunces_tavern/images/MAAP_Fraunces_Then.jpg
fraunces_tavern,Current view of Fraunces Tavern,©  Creative Curriculum Initiatives,,"Manjari Sharma, photographer ",,"Today Fraunces Tavern is a museum operated by the Sons of the Revolution. Built in 1719 as an elegant home, the building is one of the oldest standing in Manhattan.",http://ccnmtl.columbia.edu/projects/maap/content/places/fraunces_tavern/images/13_frauncestavern.jpg
fraunces_tavern,"Fraunces' Tavern, N.Y.C., 1777",NYPL Digital Gallery,http://digitalgallery.nypl.org/nypldigital/id?804911,"Samuel Hollyer, Artist",,"Fraunces' Tavern, N.Y.C., 1777.",http://ccnmtl.columbia.edu/projects/maap/content/places/fraunces_tavern/images/Fraunces_Tavern_N_Y_C_1777.jpeg
frederick_douglass,Portrait of Frederick Douglass,Columbia University Rare Book and Manuscript Library:  Alexander Gumby Collection,http://www.columbia.edu/cu/lweb/indiv/rbml/collections/index.html,,,,http://ccnmtl.columbia.edu/projects/maap/content/places/frederick_douglass/images/frederick_douglass_portrait.jpg
frederick_douglass,"Current view of David Ruggles' House, where Frederick Douglass was sheltered",©  Creative Curriculum Initiatives,,"Manjari Sharma, photographer ",,Frederick Douglass found a refuge from slave catchers when he met David Ruggles who welcomed him into his home at 36 Lispenard Street. Today a plaque there tells the story.,http://ccnmtl.columbia.edu/projects/maap/content/places/frederick_douglass/images/40_ABG3069.jpg
frederick_douglass,Portrait of Frederick Douglass,"Schomburg Center for Research in Black Culture/Photographs and Prints Division/The New York Public Library
",http://digitalgallery.nypl.org/nypldigital/id?485472,"John Chester Buttre, Engraver",,"Born in 1818, Frederick Douglass was the most famous African American of the 19th century and has been called the father of the civil rights movement.",http://ccnmtl.columbia.edu/projects/maap/content/places/frederick_douglass/images/then_frederick_douglass.jpeg
frederick_douglass,Published text of a speech by Frederick Douglass,Columbia University Rare Book and Manuscript Library:  Alexander Gumby Collection,http://www.columbia.edu/cu/lweb/indiv/rbml/collections/index.html,,,Published text of a speech by Frederick Douglass in the nation's capital on the anniversary of emancipation,http://ccnmtl.columbia.edu/projects/maap/content/places/frederick_douglass/images/douglass_pamphlet.jpg
freedom-s_journal,Rev. Samuel Cornish,© Schomburg Center for Research in Black Culture/Art Resource,http://digitalgallery.nypl.org/nypldigital/id?485485,,,"Samuel E. Cornish, a preacher (pictured), and John Brown Russwurm, a scholar, founded the nation’s first black newspaper in 1827. They called it Freedom’s Journal.",http://ccnmtl.columbia.edu/projects/maap/content/places/freedom-s_journal/images/MAAP_FreedomJournal_Then.jpg
freedom-s_journal,"Current view of 236 Church St., former offices of Freedom's Journal",©  Creative Curriculum Initiatives,,"Manjari Sharma, photographer ",,The offices for Freedom’s Journal moved around. This location is 236 Church Street. Another office was located at 152 Church Street a few blocks farther downtown.,http://ccnmtl.columbia.edu/projects/maap/content/places/freedom-s_journal/images/25_freedomsjournal.jpg
freedom-s_journal,John B. Russwurm,NYPL Digital Gallery,http://digitalgallery.nypl.org/nypldigital/id?1219258,,,John B. Russwurm,http://ccnmtl.columbia.edu/projects/maap/content/places/freedom-s_journal/images/John_B_Russwurm.jpeg
harlem,Langston Hughes with others overlooking St. Nicholas Avenue.,Regina Andrews Photograph Collection/Schomburg Center for Research in Black Culture/Photographs and Prints Division/ The New York Public Library ,http://digitalgallery.nypl.org/nypldigital/id?1228869,,,"Author Langston Hughes with (left to right) Charles S. Johnson, E. Franklin Frazier, Rudolph Fisher, and Hubert T. Delaney. All were part of the Harlem Renaissance.",http://ccnmtl.columbia.edu/projects/maap/content/places/harlem/images/MAAP_Harlem_Then.jpg
harlem,Statue of Adam Clayton Powell,©  Creative Curriculum Initiatives,,"Manjari Sharma, photographer ",,"Visitors to Harlem today can find information at a kiosk at 163 W. 125th Street, the Adam Clayton Powell State Office Building. There you can also see a statue of Powell.",http://ccnmtl.columbia.edu/projects/maap/content/places/harlem/images/MAAP_Harlem_Now.jpg
harlem,"Harlem's 125th Street, 1949",NYPL Digital Gallery,http://digitalgallery.nypl.org/nypldigital/id?1212153,"Nichols, Photographer",,"125th Street in Harlem,  September 17, 1949",http://ccnmtl.columbia.edu/projects/maap/content/places/harlem/images/Harlems_125th_Street_1949.jpeg
harriet_tubman,Harriet Tubman and Family,NYPL Digital Gallery,http://digitalgallery.nypl.org/nypldigital/id?DS_03SCPORT,"William Cheney, Photographer",,"Left to right: Harriet Tubman; Gertie Davis [Tubman's adopted daughter]; Nelson Davis [Tubman's husband]; Lee Cheney; ""Pop"" Alexander; Walter Green; Sarah Parker [""Blind Auntie"" Parker] and Dora Stewart [granddaughter of Tubman's brother, John Stewart]",http://ccnmtl.columbia.edu/projects/maap/content/places/harriet_tubman/images/Harriet_Tubman_and_Family.jpeg
harriet_tubman,"Current view of 143 Nassau Street, once site where Tubman would bring people fleeing on the underground railroad.",©  Creative Curriculum Initiatives,,"Manjari Sharma, photographer",,Harriet Tubman often stopped at the New York Anti-Slavery offices such as the one at 143 Nassau Street. There she and her passengers could get train or boat tickets to Canada and freedom. ,http://ccnmtl.columbia.edu/projects/maap/content/places/harriet_tubman/images/36_ABG7274.jpg
harriet_tubman,"Harriet Tubman; ""The Moses of her people""; Herself a fugitive, she abducted more than 300 slaves, and also served as a scout and nurse for the Union forces",Schomburg Center for Research in Black Culture/General Research and Reference Division/The New York Public Library ,http://digitalgallery.nypl.org/nypldigital/id?1223622,,"
","Harriet Tubman was one of the greatest conductors on the Underground Railroad. After emancipating herself, she returned south 19 times to help as many as 300 others gain their freedom.
",http://ccnmtl.columbia.edu/projects/maap/content/places/harriet_tubman/images/MAAP_HarrietTubman_Then.jpg
hughson-s_tavern,Hughson’s Tavern,©  Creative Curriculum Initiatives,,Illustration by Bob Powers,,"Hughson’s Tavern was on the waterfront in 1741. Its doors were open to blacks and poor whites, making it suspect during “The Great Negro Plot” of 1741.",http://ccnmtl.columbia.edu/projects/maap/content/places/hughson-s_tavern/images/MAAP_HughsonsTavern_Then.jpg
hughson-s_tavern,Current view of where Hughson's Tavern once stood,©  Creative Curriculum Initiatives,,"Manjari Sharma, photographer",,"Today, the site of Hughson’s Tavern at the corner of Liberty and Trinity Streets is far from the waterfront. What was once the location of docks for ships is now the site of the former World Trade Center. ",http://ccnmtl.columbia.edu/projects/maap/content/places/hughson-s_tavern/images/11_hughsonstavern.jpg
james_mccune_smith_pharmacy,Engraving of James McCune Smith,"Schomburg Center for Research in Black Culture/Manuscripts, Archives and Rare Books Division/The New York Public Library
",http://digitalgallery.nypl.org/nypldigital/id?1229418,,,"Dr. James McCune Smith was the first licensed African American doctor in the country. This portrait was created by Patrick Reason, a friend and fellow student at the African Free School.",http://ccnmtl.columbia.edu/projects/maap/content/places/james_mccune_smith_pharmacy/images/Dr_James_McCune_Smith.jpeg
james_mccune_smith_pharmacy,Current view of James McCune Smith Pharmacy site,©  Creative Curriculum Initiatives,,"Manjari Sharma, photographer",,The pharmacy of Dr. McCune Smith was located at 93 West Broadway. Many of the leading abolitionists and activists of the time met in his library in a back room.,http://ccnmtl.columbia.edu/projects/maap/content/places/james_mccune_smith_pharmacy/images/32_jamesmccunesmith.jpg
john_street_church,"Peter Williams, c.1810 (oil on canvas)",© Collection of the New-York Historical Society/Bridgeman Art Library ,,,,"The John Street Church welcomed Peter Williams and other African worshipers, but blacks and whites were segregated. In the early 1800s, a group separated to form the first black church in the state.",http://ccnmtl.columbia.edu/projects/maap/content/places/john_street_church/images/MAAP_JohnStChurch_Then.jpg
john_street_church,Current view: the site of John Street Methodist Church ,©  Creative Curriculum Initiatives,,"Manjari Sharma, photographer",,"Today the John Street Church is still located at 44 John Street. It includes the Wesley Chapel Museum, which tells the story of the “The Oldest Methodist Congregation in America.”",http://ccnmtl.columbia.edu/projects/maap/content/places/john_street_church/images/14_johnstreetmethodist.jpg
john_street_church,"Methodist Church, John Street, 1768",NYPL Digital Gallery,http://digitalgallery.nypl.org/nypldigital/id?801012,,,"Methodist Church, John Street, 1768",http://ccnmtl.columbia.edu/projects/maap/content/places/john_street_church/images/Methodist_Church_John_Street_1768.jpeg
john_street_church,"Peter Williams, the old colored sexton of the John St. Methodist Church",NYPL Digital Gallery,http://digitalgallery.nypl.org/nypldigital/id?431089,"Alexander Hay Ritchie, Engraver",,"Peter Williams, the old colored sexton of the John St. Methodist Church",http://ccnmtl.columbia.edu/projects/maap/content/places/john_street_church/images/Peter_Williams_the_old_colored_sexton_of_the_John_St_Methodist_Church.jpeg
langston_hughes,Langston Hughes    June 1958  on the steps in front of his house in Harlem.,© Robert W. Kelley/Time & Life Pictures/Getty Images,,,,"Langston Hughes wrote poems, plays, operas, short stories, children’s books, and more. And when he wasn’t writing, he lectured. Hughes was a major force behind the Harlem Renaissance.",http://ccnmtl.columbia.edu/projects/maap/content/places/langston_hughes/images/MAAP_LangstonHughes_Then.jpg
langston_hughes,Current view of Langston Hughes' former home,©  Creative Curriculum Initiatives,,"Manjari Sharma, photographer",,"Langston Hughes’s home at 20 East 127th Street is a New York City landmark, and the street has been renamed “Langston Hughes Place” in his honor.",http://ccnmtl.columbia.edu/projects/maap/content/places/langston_hughes/images/42_langstonhughes.jpg
langston_hughes,Portrait of Younger Langston Hughes,Columbia University Rare Book and Manuscript Library:  Alexander Gumby Collection,http://www.columbia.edu/cu/lweb/indiv/rbml/collections/index.html,,,"This photo of Langston Hughes was taken in 1930, when he was 28 years old.",http://ccnmtl.columbia.edu/projects/maap/content/places/langston_hughes/images/langston_hughes_portrait.jpg
langston_hughes,"""They're Our Kids!"" by Langston Hughes",Columbia University Rare Book and Manuscript Library:  Alexander Gumby Collection,http://www.columbia.edu/cu/lweb/indiv/rbml/collections/index.html,"Sunday Worker; Feb. 2, 1936",,"An example of how Langston Hughes mixed poetry and political activism, this poem is in honor of Ozie Powell, one of 9 African-American boys arrested together in 1931 after being falsely accused of rape in Scottsboro, Alabama.",http://ccnmtl.columbia.edu/projects/maap/content/places/langston_hughes/images/hughes_theyre_our_kids.jpg
lewis_latimer,Lewis Latimer photograph,"Queens Borough Library, Long Island Division. Latimer Family Papers.",,,,"Lewis H. Latimer was a brilliant inventor especially known for his work in electricity. Before Latimer, a light bulb might last only a day or two.",http://ccnmtl.columbia.edu/projects/maap/content/places/lewis_latimer/images/MAAP_LewisLatimer_Then.jpg
lewis_latimer,Current view of the Lewis H. Latimer House Museum,©  Creative Curriculum Initiatives,,"Manjari Sharma, photographer",,"The Lewis H. Latimer House Museum is located at 34-41 137th Street in Flushing, Queens, and is open by appointment.",http://ccnmtl.columbia.edu/projects/maap/content/places/lewis_latimer/images/52_ABG7062.jpg
louis_armstrong,Photo of Louis Armstrong,© AP Photo     ,,,,Louis Armstrong toured the globe playing his coronet for fans ranging from royalty to neighborhood kids. Millions knew him as “Ambassador Satch” or simply “Satchmo.”,http://ccnmtl.columbia.edu/projects/maap/content/places/louis_armstrong/images/MAAP_LouisArmstrong_Then.jpg
louis_armstrong,Current view of Louis & Lucille Armstong's home,©  Creative Curriculum Initiatives,,"Manjari Sharma, photographer",,The home of Louis and Lucille Armstrong located at 34-56 107th Street in Queens is a National Historic Landmark and museum. A tour of the home is like visiting the Armstrongs.,http://ccnmtl.columbia.edu/projects/maap/content/places/louis_armstrong/images/51_ABG6876.jpg
marcus_garvey,Marcus Garvey in full uniform,© Hulton Archive/Getty Images ,,,,"A black nationalist, Marcus Garvey immigrated to Harlem in 1916. There he established Liberty Hall as headquarters for a movement that would grow to almost 2 million members.",http://ccnmtl.columbia.edu/projects/maap/content/places/marcus_garvey/images/MAAP_MarcusGarvey_Then.jpg
marcus_garvey,Current view of Marcus Garvey Memorial Park,©  Creative Curriculum Initiatives,,"Manjari Sharma, photographer",,The Marcus Garvey Memorial Park interrupts Fifth Avenue between 120th and 124th Streets. Its 70-foot hill offers a view of the site of Garvey’s Liberty Hall on West 138th Street.,http://ccnmtl.columbia.edu/projects/maap/content/places/marcus_garvey/images/41_marcusgarvey.jpg
marcus_garvey,Advertisement for a UNIA Convention,Columbia University Rare Book and Manuscript Library:  Alexander Gumby Collection,http://www.columbia.edu/cu/lweb/indiv/rbml/collections/index.html,,,"A 1924 UNIA flyer announces ""Biggest Negro Convention in the History of the World: Program for Big Conclave Outlined""",http://ccnmtl.columbia.edu/projects/maap/content/places/marcus_garvey/images/unia_biggest_convention.jpg
marcus_garvey,Envelope for Donations to UNIA,Columbia University Rare Book and Manuscript Library:  Alexander Gumby Collection,http://www.columbia.edu/cu/lweb/indiv/rbml/collections/index.html,,,An envelope calling for joining and contributing to the Universal Negro Improvement Association,http://ccnmtl.columbia.edu/projects/maap/content/places/marcus_garvey/images/garvey_unia_envelope.jpg
mother_ame_zion_church,Portrait of James Varick,©  Creative Curriculum Initiatives,,Illustration by Bob Powers,,The first black church in the state was the Mother AME Zion Church located at 158 Church Street. James Varick was its first bishop.,http://ccnmtl.columbia.edu/projects/maap/content/places/mother_ame_zion_church/images/MAAP_JamesVarick.Then.jpg
mother_ame_zion_church,Current view of the Mother A.M.E. Zion Church on 137th Street,©  Creative Curriculum Initiatives,,"Manjari Sharma, photographer",,"The present Mother AME Zion Church is located at 140-7 W. 137th Street. The building was designed by George W. Foster, Jr., one of the first black architects to be licensed in the U.S. ",http://ccnmtl.columbia.edu/projects/maap/content/places/mother_ame_zion_church/images/44_motheramezion.jpg
mother_ame_zion_church,Founders of the AME Zion Church in New York,NYPL Digital Gallery,http://digitalgallery.nypl.org/nypldigital/id?1245691,,,"Bishop J. Varrick, No.1, A Founder. Bishop C. Rush, No.2, A Founder. Mother Church, in N. Y. Bishop Wm. Miller, No.3, A Founder. Bishop G. Galbreath, No.4, A Founder",http://ccnmtl.columbia.edu/projects/maap/content/places/mother_ame_zion_church/images/Founders_of_AME_Zion_Church_in_New_York.jpeg
mother_ame_zion_church,James Varick,NYPL Digital Gallery,http://digitalgallery.nypl.org/nypldigital/id?413753,,,James Varick. First Bishop of the African Methodist Episcopal Zion Church.,http://ccnmtl.columbia.edu/projects/maap/content/places/mother_ame_zion_church/images/then_james_varick.jpeg
nyc_draft_riot,The riots in New York : conflict between the military and the rioters in First Avenue,Mid-Manhattan Library/Picture Collection/ The New York Public Library,http://digitalgallery.nypl.org/nypldigital/id?809571,,,"During the Draft Riots of 1863, Union troops were called in to restore order. Here the rioters (pictured) battled Union forces along First Avenue, between 11th and 14th Streets. ",http://ccnmtl.columbia.edu/projects/maap/content/places/nyc_draft_riot/images/MAAP_DraftRiots_Then.jpg
nyc_draft_riot,Gramercy Park today,©  Creative Curriculum Initiatives,,"Manjari Sharma, photographer",,"Today, Gramercy Park is a quiet place, but in 1863 it was a war zone. Union cavalry and artillery occupied the park, setting up two cannon at the northeast corner to face the rioters. ",http://ccnmtl.columbia.edu/projects/maap/content/places/nyc_draft_riot/images/MAAP_1863DraftRiots_Now.jpg
pierre_toussaint,Pierre Toussaint (1778-1853) c.1825 ,© Collection of the New-York Historical Society/Bridgeman Art Library ,,,,"When Pierre Toussaint was brought to New York from Haiti, he was enslaved. And yet his accomplishments in New York were so remarkable that he may become the first Haitian saint.",http://ccnmtl.columbia.edu/projects/maap/content/places/pierre_toussaint/images/MAAP_PierreToussaint_Then.jpg
pierre_toussaint,"Historic marker honoring Pierre Toussaint, St. Patrick's Old Cathedral",©  Creative Curriculum Initiatives,,"Manjari Sharma, photographer",,"In 1953, this marker was laid in Toussaint’s honor at St. Patrick’s Old Cathedral at 263 Mulberry Street. His remains were later moved to the crypt below the altar of the current St. Patrick’s Cathedral.",http://ccnmtl.columbia.edu/projects/maap/content/places/pierre_toussaint/images/28_pierretoussaint1.jpg
rikers_island,"Rikers Island - Black soldiers, Civil War, training",Library of Congress ,,,,"In 1864, the 26th Regiment of the U.S. Colored Troops trained on Rikers Island. They went on to fight, along with 180,000 other black soldiers, for the Union cause.",http://ccnmtl.columbia.edu/projects/maap/content/places/rikers_island/images/MAAP_RikersIsland_Then.jpg
rikers_island,A map showing present-day Rikers Island,©  Creative Curriculum Initiatives,,TK,,"Located in the East River near Long Island Sound, Rikers Island can be reached by bridge from Queens, but it is considered to be part of the Bronx.",http://ccnmtl.columbia.edu/projects/maap/content/places/rikers_island/images/38_RikersIsland_Now.jpg
sandy_ground,"Photo of Oyster Workers, 1894.  ","Courtesy Alice Austen Collection, Staten Island Historical Society. ",,,,"The people of Sandy Ground built one of the only free black communities to exist in the early 1800s. Oyster gatherers, such as these from Maryland, helped the community grow.",http://ccnmtl.columbia.edu/projects/maap/content/places/sandy_ground/images/MAAP_SandyGround_Then.jpg
sandy_ground,A map showing Sandy Ground in the present,©  Creative Curriculum Initiatives,,TK,,"The Sandy Ground Historical Society Museum and Library is located at 1538 Woodrow Road. Here, one can explore the culture and history of this free black community.",http://ccnmtl.columbia.edu/projects/maap/content/places/sandy_ground/images/54_SandyGround_Now.jpg
schomberg_library,Portrait of Arthur Schomburg,Schomburg Center for Research in Black Culture/Photographs and Prints Division/The New York Public Library ,http://digitalgallery.nypl.org/nypldigital/id?1225982,,,"Known as “The Father of Black History,” Arthur Schomburg collected everything he could find on black culture. His collection grew into a great research library in Harlem.",http://ccnmtl.columbia.edu/projects/maap/content/places/schomberg_library/images/Arthur_Arturo_Schomburg_ca_1896.jpeg
schomberg_library,Current view of the Schomburg Center for Research in Black Culture,©  Creative Curriculum Initiatives,,"Manjari Sharma, photographer",,"The Schomburg Center for Research in Black Culture is located at 515 Malcolm X Boulevard at 135th Street. The library includes 6 million items from books to music, photographs, films, and artwork",http://ccnmtl.columbia.edu/projects/maap/content/places/schomberg_library/images/47_ABG4583.jpg
seneca_village,Seneca Village,©  Creative Curriculum Initiatives,,Illustration by Bob Powers,,"This map (pictured) shows Seneca Village, a largely black community that thrived from 1825 until 1855,  when the land was made part of Central Park by the city. ",http://ccnmtl.columbia.edu/projects/maap/content/places/seneca_village/images/MAAP_SenecaVillage_Then.jpg
seneca_village,Current view of the Seneca Village site,©  Creative Curriculum Initiatives,,"Manjari Sharma, photographer",,"Today, as you walk in Central Park near West Drive and 85th Street, you can see a plaque commemorating Seneca Village. ",http://ccnmtl.columbia.edu/projects/maap/content/places/seneca_village/images/24_senecavillage.jpg
seneca_village,"Fernando Wood, Mayor of the City of New York",NYPL Digital Gallery,http://digitalgallery.nypl.org/nypldigital/id?EM11564,,,"Fernando Wood, Mayor of the City of New York",http://ccnmtl.columbia.edu/projects/maap/content/places/seneca_village/images/Fernando_Wood_Mayor_of_the_City_of_New_York.jpeg
shiloh_presbyterian_church,Portrait of Henry Highland Garnet,"Humanities and Social Sciences Library/Print Collection, Miriam and Ira D. Wallach Division of Art, Prints and Photographs/The New York Public Library ",http://digitalgallery.nypl.org/nypldigital/id?1242287,,,"The Shiloh Presbyterian Church was part of the Underground Railroad and led by three great abolitionists: Samuel Cornish, Theodore Wright, and the fiery Henry Highland Garnet (pictured).",http://ccnmtl.columbia.edu/projects/maap/content/places/shiloh_presbyterian_church/images/MAAP_ShilohPresb_Then.jpg
shiloh_presbyterian_church,Current view of Shiloh Presbyterian Church,©  Creative Curriculum Initiatives,,"Manjari Sharma, photographer",,"Over time the Shiloh Church moved north to Five Points, and then to Midtown. In 1895, members of the church founded St. James Presbyterian Church, now located at 409 W. 141st St.",http://ccnmtl.columbia.edu/projects/maap/content/places/shiloh_presbyterian_church/images/59_ABG0048.jpg
sojourner_truth,Three-quarter length portrait of Sojourner Truth,Schomburg Center for Research in Black Culture/Photographs and Prints Division/The New York Public Library,http://digitalgallery.nypl.org/nypldigital/id?44SCCDV,,,"Born a slave in 1797 in Ulster County, New York, Sojourner Truth spoke out against slavery and injustice, and for women’s rights, making people from President Lincoln to street toughs listen.",http://ccnmtl.columbia.edu/projects/maap/content/places/sojourner_truth/images/Three_quarter_length_portrait_of_Sojourner_Truth.jpeg
sojourner_truth,Current view of the site of Sojourner Truth's former home,©  Creative Curriculum Initiatives,,"Manjari Sharma, photographer",,"While living in New York City, Isabella Baumfree became Sojourner Truth and left her home at 74 Canal Street to spread the “Lord’s truth.” She became a legend in her own time.",http://ccnmtl.columbia.edu/projects/maap/content/places/sojourner_truth/images/56_sojurnertruth.jpg
st_philip-s_episcopalian_church,St. Philip’s Episcopal Church. John F.E. Prud’homme engraving after William Bayley image. ,"© Collection of the New-York Historical Society/Bridgeman Art Library
",,,,"St. Philip’s Episcopal Church was a black center for worship, mutual aid, and activism throughout the 1800s. It was located at 31 Centre Street between Worth and Leonard until 1886.",http://ccnmtl.columbia.edu/projects/maap/content/places/st_philip-s_episcopalian_church/images/MAAP_StPhilips_Then.jpg
st_philip-s_episcopalian_church,Current view of St. Philips Episcopal Church,©  Creative Curriculum Initiatives,,"Manjari Sharma, photographer",,"Located at 204 W. 134th Street, the present church building is a New York City Designated Landmark. It was designed by the first African American architect licensed in New York.",http://ccnmtl.columbia.edu/projects/maap/content/places/st_philip-s_episcopalian_church/images/21_stphilips.jpg
st_philip-s_episcopalian_church,"St. Philip's P.E. Church, 1925",NYPL Digital Gallery,http://digitalgallery.nypl.org/nypldigital/id?1227195,,,"St. Philip's P.E. Church, 1925",http://ccnmtl.columbia.edu/projects/maap/content/places/st_philip-s_episcopalian_church/images/St_Philips_P_E_Church_1925.jpeg
studio_museum,"Street Story Quilt,  Parts 1,2 3. 1. The Accident, 2. The Fire, 3. The Home Coming. 1985",Collection of the Metropolitan Museum of Art. ,,Faith Ringgold ,,"From its beginnings in a rented loft, the Studio Museum in Harlem has shown the work of black artists, including Faith Ringgold’s Street Story Quilt (pictured).",http://ccnmtl.columbia.edu/projects/maap/content/places/studio_museum/images/MAAP_StudioMuseum_Then.jpg
studio_museum,A current view inside the Studio Museum in Harlem,©  Creative Curriculum Initiatives,,"Manjari Sharma, photographer",,The Studio Museum in Harlem is now located at 144 W. 125th Street. It shows the work of emerging black artists as well as the work of well-known artists from their permanent collection.,http://ccnmtl.columbia.edu/projects/maap/content/places/studio_museum/images/46_ABG2429.jpg
the_african_burial_ground,A current view of the African Burial Ground Memorial,©  Creative Curriculum Initiatives,,"Manjari Sharma, photographer",,The African Burial Ground National Monument memorial is located at Duane and Elk Streets. An exhibit at the visitor center is located at 290 Broadway on the ground floor.,http://ccnmtl.columbia.edu/projects/maap/content/places/the_african_burial_ground/images/1_africanburialground.jpg
the_african_burial_ground,African Burial Ground ,©  Creative Curriculum Initiatives,,Illustration by Bob Powers,,"For most of the 1700s, and maybe earlier, Africans and their descendents kept their own burial ground north of the city and its wall. As in Africa, the coffins were laid facing east.",http://ccnmtl.columbia.edu/projects/maap/content/places/the_african_burial_ground/images/MAAP_BurialGround_Then.jpg
the_audubon_ballroom,The Audubon Ballroom  ,© AP Photo    ,,,,"The Audubon Ballroom included a theater as well as meeting halls. Many labor, political, and religious groups met there, including Malcolm X’s Organization of Afro-American Unity.",http://ccnmtl.columbia.edu/projects/maap/content/places/the_audubon_ballroom/images/MAAP_AudubonBallroom_Then.jpg
the_audubon_ballroom,A current view of the Audubon Ballroom,©  Creative Curriculum Initiatives,,"Manjari Sharma, photographer",,"The site now boasts the Malcolm X and Dr. Betty Shabazz Memorial and Educational Center, where three multi- media kiosks provide the largest exhibit on Malcolm X in the world.",http://ccnmtl.columbia.edu/projects/maap/content/places/the_audubon_ballroom/images/57_audubonballroom.jpg
the_gideon_and_the_great_dock,"The Castello Plan, New Amsterdam in 1660",© Collection of the New-York Historical Society/Bridgeman Art Library    ,,,,"The Gideon, carrying 291 enslaved Africans, arrived at the Great Dock in 1664. Africans did most of the labor needed by the Dutch West India Company in New Amsterdam.",http://ccnmtl.columbia.edu/projects/maap/content/places/the_gideon_and_the_great_dock/images/MAAP_GreatDock_Then.jpg
the_gideon_and_the_great_dock,Current view of where the Great Dock once was,©  Creative Curriculum Initiatives,,"Manjari Sharma, photographer",,"In 1659, when Africans built the Great Dock, Pearl Street was the water’s edge.  The dock was located between today’s Whitehall Street and Broad Street, which was a canal.",http://ccnmtl.columbia.edu/projects/maap/content/places/the_gideon_and_the_great_dock/images/2_greatdockshipgideon.jpg
the_gideon_and_the_great_dock,"City Hall and Great Dock, 1679",NYPL Digital Gallery,http://digitalgallery.nypl.org/nypldigital/id?800013,,,"City Hall and Great Dock, 1679",http://ccnmtl.columbia.edu/projects/maap/content/places/the_gideon_and_the_great_dock/images/City_Hall_and_Great_Dock_1679.jpeg
the_land_of_the_blacks,Land of the Blacks  ,©  Creative Curriculum Initiatives,,"Manjari Sharma, photographer ",,"The Land of the Blacks included parts of Chinatown, Little Italy, SoHo, and Greenwich Village. Washington Square Park (pictured) includes land once owned by five Africans.",http://ccnmtl.columbia.edu/projects/maap/content/places/the_land_of_the_blacks/images/MAAP_LandBlacks_Then.jpg
the_land_of_the_blacks,"Current view of Minetta Lane, once central to the Land of the Blacks",©  Creative Curriculum Initiatives,,"Manjari Sharma, photographer ",,"Minetta Lane is a remnant of a road, later called the Negroes’ Causeway, that ran alongside Minetta Creek and connected some of the African farms with New Amsterdam.",http://ccnmtl.columbia.edu/projects/maap/content/places/the_land_of_the_blacks/images/6_landofblacks.jpg
the_manhattan_company,Current view of a downtown area once supplied with water by the Manhattan Company,©  Creative Curriculum Initiatives,,"Manjari Sharma, photographer",,"The Manhattan Company’s water system, which never worked very well, was replaced in 1842 when fresh drinking water began to flow into the city from Croton.",http://ccnmtl.columbia.edu/projects/maap/content/places/the_manhattan_company/images/7_manhattancompany.jpg
the_manhattan_company,Laying of the Water Pipes,©  Creative Curriculum Initiatives,,Illustration by Bob Powers,,Around 1801 workers lay log water pipes along Broad Street as officials from the Manhattan Company look on. The workers laid 25 miles of pipe in the city’s first water system.,http://ccnmtl.columbia.edu/projects/maap/content/places/the_manhattan_company/images/MAAP_TheManhattanCo_Then.jpg
the_slave_market,The Slave Market,©  Creative Curriculum Initiatives,,Illustration by Bob Powers,,"The Slave Market, located where Wall Street reached the East River, was established in 1711 as a place where enslaved blacks and Native Americans could be hired or purchased.",http://ccnmtl.columbia.edu/projects/maap/content/places/the_slave_market/images/MAAP_SlaveMkt_Then.jpg
the_slave_market,Current view of the site of the Slave Market,©  Creative Curriculum Initiatives,,"Manjari Sharma, photographer",,"Today, the site of the Slave Market, located at the intersection of Wall Street and Water Street, is far from the water’s edge. ",http://ccnmtl.columbia.edu/projects/maap/content/places/the_slave_market/images/9_slavemarket.jpg
the_slave_market,New York slave market about 1730,NYPL Digital Gallery,http://digitalgallery.nypl.org/nypldigital/id?807837,,,New York slave market about 1730,http://ccnmtl.columbia.edu/projects/maap/content/places/the_slave_market/images/New_York_slave_market_about_1730.jpeg
the_tappan_brothers,Arthur Tappan   ,© Collection of the New-York Historical Society/Bridgeman Art Library,,,,Arthur (pictured) and his brother Lewis were both staunch abolitionists. Lewis also formed a company that would become Dun and Bradstreet. ,http://ccnmtl.columbia.edu/projects/maap/content/places/the_tappan_brothers/images/MAAP_ArthurTappan_Then.jpg
the_tappan_brothers,Current view of the site of the Tappan Brothers' offices,©  Creative Curriculum Initiatives,,"Manjari Sharma, photographer",,"The offices of Arthur and Lewis Tappan were located at 122 Pearl Street. When pro-slavery mobs attacked during the riots of 1834, clerks fought them off with firearms.",http://ccnmtl.columbia.edu/projects/maap/content/places/the_tappan_brothers/images/33_tappanbrothers.jpg
the_tappan_brothers,Lewis Tappan,NYPL Digital Gallery,http://digitalgallery.nypl.org/nypldigital/id?1229089,,,,http://ccnmtl.columbia.edu/projects/maap/content/places/the_tappan_brothers/images/Lewis_Tappan.jpeg
the_tappan_brothers,"Death of Captain Ferrer, the Captain of the Amistad, July 1839",NYPL Digital Gallery,http://digitalgallery.nypl.org/nypldigital/id?485453,"John Warner Barber, Lithographer",,"Death of Captain Ferrer, the Captain of the Amistad, July 1839",http://ccnmtl.columbia.edu/projects/maap/content/places/the_tappan_brothers/images/Death_of_Captain_Ferrer_Captain_of_the_Amistad.jpeg
the_theodore_wright_house,Runaway slave posters,Schomburg Center for Research in Black Culture /General Research and Reference Division/The New York Public Library ,http://digitalgallery.nypl.org/nypldigital/id?1114476,,,"Theodore S. Wright was born free and was well educated, but he risked his own home and well-being every time he helped a runaway reach freedom in Canada.",http://ccnmtl.columbia.edu/projects/maap/content/places/the_theodore_wright_house/images/MAAP_TheodoreWright_Then.jpg
the_theodore_wright_house,Current view of the Theodore Wright house,©  Creative Curriculum Initiatives,,"Manjari Sharma, photographer",,Wright’s home at 235 W. Broadway was part of the Underground Railroad at a time when slave catchers roamed the streets of the city and kidnapped runaways to return them south. ,http://ccnmtl.columbia.edu/projects/maap/content/places/the_theodore_wright_house/images/64_theodorewhitehouse.jpg
the_theodore_wright_house,Charles B. Ray,NYPL Digital Gallery,http://digitalgallery.nypl.org/nypldigital/id?1219249,,,Free Negroes in the Crisis; Charles B. Ray,http://ccnmtl.columbia.edu/projects/maap/content/places/the_theodore_wright_house/images/Charles_B_Ray.jpeg
the_theodore_wright_house,Runaway Poster,NYPL Digital Gallery,http://digitalgallery.nypl.org/nypldigital/id?1114476,,,,http://ccnmtl.columbia.edu/projects/maap/content/places/the_theodore_wright_house/images/runaway_poster.jpeg
tontine_coffeehouse,"Tontine Coffee House, c.1797 (oil on linen), ",© Collection of the New-York Historical Society/Bridgeman Art Library ,,Francis Guy,,"In 1792, the New York Stock Exchange was located in the Tontine Coffee House at 82 Wall Street.  Slave ships were registered here and a value was assigned to the Africans on board.",http://ccnmtl.columbia.edu/projects/maap/content/places/tontine_coffeehouse/images/MAAP_Tontine_Then.jpg
tontine_coffeehouse,Current view of the Tontine Coffeehouse site,©  Creative Curriculum Initiatives,,"Manjari Sharma, photographer",,"In the 1790s, the Tontine Coffee House was only one block from the East River. By 1820, it was 2 blocks from the river as landfill widened Manhattan Island. ",http://ccnmtl.columbia.edu/projects/maap/content/places/tontine_coffeehouse/images/18_tontine2.jpg
tontine_coffeehouse,"Tontine Coffee House, N.Y.C., 1820",NYPL Digital Gallery,http://digitalgallery.nypl.org/nypldigital/id?805559,"Samuel Hollyer, Engraver",,"Tontine Coffee House, N.Y.C., 1820",http://ccnmtl.columbia.edu/projects/maap/content/places/tontine_coffeehouse/images/Tontine_Coffee_House_N_Y_C_1820.jpeg
weeksville,Portrait of a woman ,© AP Photo /Weeksville Society    ,,,,"This unidentified photograph was found in Weeksville, one of the earliest free black communities in the country. Located in Brooklyn, it was a refuge for those fleeing both slavery and racism.",http://ccnmtl.columbia.edu/projects/maap/content/places/weeksville/images/MAAP_Weeksville_Then.jpg
weeksville,"Current view of the Hunterfly road houses, Weeksville",©  Creative Curriculum Initiatives,,"Manjari Sharma, photographer",,You can visit the Weeksville Heritage Center located at 1698 Bergen Street between Rochester and Utica Avenues to see the three restored Hunterfly Road Houses. ,http://ccnmtl.columbia.edu/projects/maap/content/places/weeksville/images/48_Weeksville_Now.jpg